{
  "$schema": "https://schema.management.azure.com/schemas/2015-01-01/deploymentTemplate.json#",
  "contentVersion": "1.0.0.0",
  "parameters": {
    "location": {
      "type": "string",
      "defaultValue": "[resourceGroup().location]"
    },
    "resourceGroupName": {
      "type": "string",
      "defaultValue": "[resourceGroup().name]"
    },
    "windowsOSVersion": {
      "type": "string",
      "defaultValue": "[parameters('windowsOSVersion')]",
      "metadata": {
        "description": "The Windows version for the VM. This will pick a fully patched image of this given Windows version."
      }
    },
    "vmSize": {
      "type": "string",
      "defaultValue": "",
      "metadata": {
        "description": "The Windows selected size."
      }
    },
    "vmName": {
      "type": "string",
      "metadata": {
        "title": "VM Name",
        "description": "This is the name of the your VM"
      }
    },

    "adminUsername": {
      "type": "string",
      "metadata": {
        "description": "Username for the Virtual Machine."
      }
    },
    "adminPassword": {
      "type": "securestring",
      "metadata": {
        "description": "Password for the Virtual Machine."
      }
    },
    "virtualNetworkName": {
      "type": "string",
      "metadata": {
        "description": "New or Existing VNet Name"
      }
    },
    "virtualNetworkNewOrExisting": {
      "type": "string",
      "metadata": {
        "description": "Boolean indicating whether the VNet is new or existing"
      }
    },
    "virtualNetworkAddressPrefix": {
      "type": "string",
      "metadata": {
        "description": "VNet address prefix"
      }
    },
    "virtualNetworkResourceGroup": {
      "type": "string",
      "metadata": {
        "description": "Resource group of the VNet"
      }
    },
    "virtualMachineSize": {
      "type": "string",
      "metadata": {
        "description": "The size of the VM"
      }
    },
    "subnetName": {
      "type": "string",
      "metadata": {
        "description": "New or Existing subnet Name"
      }
    },
    "subnetAddressPrefix": {
      "type": "string",
      "metadata": {
        "description": "Subnet address prefix"
      }
    },
    "numberOfInstances": {
      "type": "int",
      "metadata": {
        "description": "Number of VMs"
      }
    },
    "availabilitySetName": {
      "type": "string",
      "defaultValue": "",
      "metadata": {
        "description": "Number of VMs"
      }
    },
    "availabilitySet": {
      "type": "string",
      "allowedValues": [
        "yes",
        "no",
        "existing"

      ],
      "metadata": {
        "description": "Availability Set"
      }
    }
  },

  "variables": {
    "updateip_templateUri": "https://github.com/wsgrgithub/vm-arm-template/blob/4506744d241c2c3bf923efb6448c806a4283c19c/update-nic.json",

    "vmName": "[parameters('vmName')]",
    "availabilitySetName": "[concat (substring(parameters('vmName'), 4, 5),'-AVE')]",
    "availabilitySetId": {
      "id": "[resourceId('Microsoft.Compute/availabilitySets', variables('availabilitySetName'))]"
    },

    "storageAccountName": "[concat(variables('vmName'), 'sa')]",
    "diagnosticStorageAccountName": "[concat(variables('vmName'), 'diag')]",
    "dataDisks": "",
    "nicName": "[concat(parameters('vmName'),'-nic')]",
    "vnetId": {
      "new": "[resourceId('Microsoft.Network/virtualNetworks',parameters('virtualNetworkName'))]",
      "existing": "[resourceId(parameters('virtualNetworkResourceGroup'),'Microsoft.Network/virtualNetworks',parameters('virtualNetworkName'))]"
    },

    "subnetId": "[concat(variables('vnetId')[parameters('virtualNetworkNewOrExisting')],'/subnets/',parameters('subnetName'))]"
  },
  
  "resources": [
    {
      "condition": "[equals(parameters('availabilitySet'),'yes')]",
      "type": "Microsoft.Compute/availabilitySets",
      "name": "[variables('availabilitySetName')]",
      "apiVersion": "2019-03-01",
      "location": "[parameters('location')]",
      "properties": {
        "platformFaultDomainCount": 2,
        "platformUpdateDomainCount": 5
      },
      "sku": {
        "name": "Aligned"
      }
    },
    {
      "condition": "[equals(parameters('virtualNetworkNewOrExisting'),'new')]",
      "type": "Microsoft.Network/virtualNetworks",
      "apiVersion": "2017-09-01",
      "name": "[parameters('virtualNetworkName')]",
      "location": "[parameters('location')]",
      "properties": {
        "addressSpace": {
          "addressPrefixes": [
            "[parameters('virtualNetworkAddressPrefix')]"
          ]
        },
        "subnets": [
          {
            "name": "[parameters('subnetName')]",
            "properties": {
              "addressPrefix": "[parameters('subnetAddressPrefix')]"
            }
          }
        ]
      }
    },

    {
      "type": "Microsoft.Network/networkInterfaces",
      "name": "[variables('nicName')]",
      "apiVersion": "2016-03-30",
      "location": "[parameters('location')]",
      "properties": {
        "ipConfigurations": [
          {
            "name": "ipconfig1",
            "properties": {
              "privateIPAllocationMethod": "Dynamic",
              "subnet": {
                "id": "[variables('subnetId')]"
              }
            }
          }
        ],
        "enableIPForwarding": false
      },
      "dependsOn": [

        "[resourceId('Microsoft.Network/virtualNetworks/', parameters('virtualNetworkName'))]"
      ]
    },
    {
      "type": "Microsoft.Storage/storageAccounts",
      "apiVersion": "2019-06-01",
      "name": "[variables('storageAccountName')]",
      "location": "[parameters('location')]",
      "comments": "Storage account used to store VM disks",
     
      "sku": {
        "name": "Standard_LRS"
      },
      "kind": "Storage",
      "properties": {}
    },
    {
      "type": "Microsoft.Storage/storageAccounts",
      "name": "[variables('diagnosticStorageAccountName')]",
      "apiVersion": "2019-06-01",
      "location": "[parameters('location')]",
      "comments": "Storage account used to store diagnostics and backup data",
    
      "tags": {
        "displayName": "Storage Account"
      },
      "sku": {
        "name": "Standard_LRS"
      },
      "kind": "Storage",
      "properties": {}
    },




    {
      "type": "Microsoft.Compute/virtualMachines",
      "apiVersion": "2018-10-01",
      "name": "[variables('vmName')]",
      "location": "[parameters('location')]",
      "dependsOn": [
        "[resourceId('Microsoft.Storage/storageAccounts/', variables('storageAccountName'))]",
        "[resourceId('Microsoft.Network/networkInterfaces/', variables('nicName'))]",
        "[resourceId('Microsoft.Compute/availabilitySets/', variables('availabilitySetName'))]"

      ],
      "properties": {
        "availabilitySet": "[if(equals(parameters('availabilitySet'), 'Yes'), variables('availabilitySetId'), json('null'))]",

        "hardwareProfile": {
          "vmSize": "[parameters('virtualMachineSize')]"
        },
        "osProfile": {
          "computerName": "[variables('vmName')]",
          "adminUsername": "[parameters('adminUsername')]",
          "adminPassword": "[parameters('adminPassword')]",
          "windowsConfiguration": {
            "provisionVMAgent": true
          }
        },
        "storageProfile": {
          "imageReference": {
            "publisher": "MicrosoftWindowsServer",
            "offer": "WindowsServer",
            "sku": "[parameters('windowsOSVersion')]",
            "version": "latest"
          },
          "osDisk": {
            "name": "[concat(variables('vmName'),'-OSdisk')]",
            "diskSizeGB": 127,
            "createOption": "FromImage"
          },
          "dataDisks": [
            {
              "name": "[concat(variables('vmName'),'-dataDisks1')]",
              "diskSizeGB": 100,
              "lun": 0,
              "createOption": "Empty"
            }
          ]
        },
        "networkProfile": {
          "networkInterfaces": [
            {
              "id": "[resourceId('Microsoft.Network/networkInterfaces',variables('nicName'))]"
            }
          ]
        },

        "diagnosticsProfile": {
          "bootDiagnostics": {
            "enabled": true,
            "storageUri": "[reference(resourceId('Microsoft.Storage/storageAccounts/', variables('diagnosticStorageAccountName'))).primaryEndpoints.blob]"
          }
        }

      }
    },
    {
      "type": "Microsoft.Resources/deployments",
      "name": "updateIp",
      "apiVersion": "2019-05-01",
      "dependsOn": [
        "[variables('nicName')]"
      ],
      "properties": {
        "mode": "Incremental",
        "templateLink": {
          "uri": "[variables('updateip_templateUri')]",
          "contentVersion": "1.0.0.0"
        },
        "parameters": {
          "nicName": {
            "value": "[variables('nicName')]"
          },
          "SubnetId": {
            "value": "[variables('subnetId')]"
          },
          "privateIp": {
            "value": "[reference(variables('nicName')).ipConfigurations[0].properties.privateIPAddress]"
          },
          "location": {
            "value": "[parameters('location')]"
          }
        }
      }
    }
  ],
  "outputs": {

    "privateIp": {
      "type": "string",
      "value": "[reference(variables('nicName')).ipConfigurations[0].properties.privateIPAddress]"
    }
  }
}