{
  "$schema": "https://schema.management.azure.com/schemas/2019-04-01/deploymentTemplate.json#",
  "contentVersion": "1.0.0.0",
  "parameters": {
    "nicName": {
      "type": "string"
    },
    "subnetRef": {
      "type": "string"
    },
    "privateIp": {
      "type": "string"
    },
    "location": {
      "type": "string",
      "metadata": {
        "description": "Location for all resources."
      }
    }
  },
  "resources": [
    {
      "type": "Microsoft.Network/networkInterfaces",
      "name": "[parameters('nicName')]",
      "apiVersion": "2019-12-01",
      "location": "[parameters('location')]",
      "properties": {
        "ipConfigurations": [
          {
            "name": "ipconfig1",
            "properties": {
              "privateIPAllocationMethod": "Static",
              "privateIPAddress": "[parameters('privateIp')]",
              "subnet": {
                "id": "[parameters('subnetRef')]"
              }
            }
          }
        ]
      }
    }
  ]
}